section,event_name_ar,date_hijri,date_gregorian,rule_or_note,official_source_name,official_source_url,verified_on,confidence
school-calendar-1448,الإجازة الإضافية الأولى (القصيم والرياض ومعظم المناطق),1448-05-14,2026-10-25,[الأحد] إجازة إضافية تعلنها كل إدارة تعليم لمنطقتها. التاريخ من إنفوجرافيك تعليم القصيم الرسمي (نُشر 2026-08-26). تعليم الرياض أعلن التواريخ الأربعة نفسها عبر حسابه في X (نقلته سبق: https://sabq.org/article/aeKJ7gn — رابط التغريدة الأصلية يُستكمل). مكة والمدينة وجدة والطائف لها تقويم مستقل. تصنع عطلة مطولة من الجمعة 23 إلى الأحد 25 أكتوبر,الإدارة العامة للتعليم بمنطقة القصيم (موقع وزارة التعليم),https://sites.moe.gov.sa/Qassim/news/news-1136/,2026-09-27,مؤكد
school-calendar-1448,الإجازة الإضافية (مكة المكرمة والمدينة المنورة وجدة والطائف),1448-05-14,2026-10-25,[الأحد] تقارير إعلامية تقول إن هذه المناطق اعتمدت إجازة إضافية واحدة يوم 25 أكتوبر فقط، ولم نجد صفحة رسمية لإداراتها بعد. الوزارة تمنح هذه الإدارات صلاحيات تقويم خاصة (بيان 2025-08-05),وزارة التعليم — بيان الفصلين الدراسيين وصلاحيات إدارات مكة والمدينة والطائف وجدة,https://www.moe.gov.sa/ar/mediacenter/MOEnews/Pages/news1_05082025.aspx,2026-09-27,يحتاج تحقق
school-calendar-1448,إجازة الخريف,1448-06-10,2026-11-20,[الجمعة] تاريخ البداية من الوزارة. تاريخ النهاية/العودة (حتى 28 نوفمبر 2026) ورد في بيان الوزارة 2025-08-05 كما نقلته أرقام وسبق، ولا يظهر في بيانات moe.gov.sa (التي تنشر تاريخ البداية فقط) — النهاية تحتاج تحقق. بيانات الوزارة: https://www.moe.gov.sa/ar/education/generaleducation/DataSources/AcademicCalendar.aspx?Year=1448 (وYear=1449),وزارة التعليم — صفحة التقويم الدراسي (مصدر بياناتها الرسمي AcademicCalendar.aspx),https://www.moe.gov.sa/ar/education/generaleducation/Pages/academicCalendar.aspx,2026-09-27,مؤكد
school-calendar-1448,الإجازة الإضافية الثانية (القصيم والرياض ومعظم المناطق),1448-06-19,2026-11-29,[الأحد] إجازة إضافية تعلنها كل إدارة تعليم لمنطقتها. التاريخ من إنفوجرافيك تعليم القصيم الرسمي (نُشر 2026-08-26). تعليم الرياض أعلن التواريخ الأربعة نفسها عبر حسابه في X (نقلته سبق: https://sabq.org/article/aeKJ7gn — رابط التغريدة الأصلية يُستكمل). مكة والمدينة وجدة والطائف لها تقويم مستقل. تأتي بعد إجازة الخريف مباشرة,الإدارة العامة للتعليم بمنطقة القصيم (موقع وزارة التعليم),https://sites.moe.gov.sa/Qassim/news/news-1136/,2026-09-27,مؤكد
school-calendar-1448,الإجازة الإضافية الثالثة (القصيم والرياض ومعظم المناطق),1448-07-29,2027-01-07,[الخميس] إجازة إضافية تعلنها كل إدارة تعليم لمنطقتها. التاريخ من إنفوجرافيك تعليم القصيم الرسمي (نُشر 2026-08-26). تعليم الرياض أعلن التواريخ الأربعة نفسها عبر حسابه في X (نقلته سبق: https://sabq.org/article/aeKJ7gn — رابط التغريدة الأصلية يُستكمل). مكة والمدينة وجدة والطائف لها تقويم مستقل. تسبق إجازة منتصف العام بيوم,الإدارة العامة للتعليم بمنطقة القصيم (موقع وزارة التعليم),https://sites.moe.gov.sa/Qassim/news/news-1136/,2026-09-27,مؤكد
school-calendar-1448,إجازة منتصف العام الدراسي,1448-07-30,2027-01-08,[الجمعة] تاريخ البداية من الوزارة. تاريخ النهاية/العودة (حتى 16 يناير 2027) ورد في بيان الوزارة 2025-08-05 كما نقلته أرقام وسبق، ولا يظهر في بيانات moe.gov.sa (التي تنشر تاريخ البداية فقط) — النهاية تحتاج تحقق. بيانات الوزارة: https://www.moe.gov.sa/ar/education/generaleducation/DataSources/AcademicCalendar.aspx?Year=1448 (وYear=1449),وزارة التعليم — صفحة التقويم الدراسي (مصدر بياناتها الرسمي AcademicCalendar.aspx),https://www.moe.gov.sa/ar/education/generaleducation/Pages/academicCalendar.aspx,2026-09-27,مؤكد
school-calendar-1448,إجازة يوم التأسيس,1448-09-12,2027-02-19,[الجمعة] تاريخ البداية من الوزارة. تاريخ النهاية/العودة (حتى 22 فبراير 2027) ورد في بيان الوزارة 2025-08-05 كما نقلته أرقام وسبق، ولا يظهر في بيانات moe.gov.sa (التي تنشر تاريخ البداية فقط) — النهاية تحتاج تحقق. بيانات الوزارة: https://www.moe.gov.sa/ar/education/generaleducation/DataSources/AcademicCalendar.aspx?Year=1448 (وYear=1449),وزارة التعليم — صفحة التقويم الدراسي (مصدر بياناتها الرسمي AcademicCalendar.aspx),https://www.moe.gov.sa/ar/education/generaleducation/Pages/academicCalendar.aspx,2026-09-27,مؤكد
school-calendar-1448,إجازة عيد الفطر,1448-09-19,2027-02-26,[الجمعة] تاريخ البداية من الوزارة. تاريخ النهاية/العودة (حتى 13 مارس 2027) ورد في بيان الوزارة 2025-08-05 كما نقلته أرقام وسبق، ولا يظهر في بيانات moe.gov.sa (التي تنشر تاريخ البداية فقط) — النهاية تحتاج تحقق. بيانات الوزارة: https://www.moe.gov.sa/ar/education/generaleducation/DataSources/AcademicCalendar.aspx?Year=1448 (وYear=1449),وزارة التعليم — صفحة التقويم الدراسي (مصدر بياناتها الرسمي AcademicCalendar.aspx),https://www.moe.gov.sa/ar/education/generaleducation/Pages/academicCalendar.aspx,2026-09-27,مؤكد
school-calendar-1448,الإجازة الإضافية الرابعة (القصيم والرياض ومعظم المناطق),1448-11-04,2027-04-11,[الأحد] إجازة إضافية تعلنها كل إدارة تعليم لمنطقتها. التاريخ من إنفوجرافيك تعليم القصيم الرسمي (نُشر 2026-08-26). تعليم الرياض أعلن التواريخ الأربعة نفسها عبر حسابه في X (نقلته سبق: https://sabq.org/article/aeKJ7gn — رابط التغريدة الأصلية يُستكمل). مكة والمدينة وجدة والطائف لها تقويم مستقل. تصنع عطلة مطولة من الجمعة 9 إلى الأحد 11 أبريل,الإدارة العامة للتعليم بمنطقة القصيم (موقع وزارة التعليم),https://sites.moe.gov.sa/Qassim/news/news-1136/,2026-09-27,مؤكد
school-calendar-1448,إجازة عيد الأضحى,1448-12-01,2027-05-07,[الجمعة] تاريخ البداية من الوزارة. تاريخ النهاية/العودة (حتى 22 مايو 2027) ورد في بيان الوزارة 2025-08-05 كما نقلته أرقام وسبق، ولا يظهر في بيانات moe.gov.sa (التي تنشر تاريخ البداية فقط) — النهاية تحتاج تحقق. بيانات الوزارة: https://www.moe.gov.sa/ar/education/generaleducation/DataSources/AcademicCalendar.aspx?Year=1448 (وYear=1449),وزارة التعليم — صفحة التقويم الدراسي (مصدر بياناتها الرسمي AcademicCalendar.aspx),https://www.moe.gov.sa/ar/education/generaleducation/Pages/academicCalendar.aspx,2026-09-27,مؤكد
school-calendar-1448,بداية إجازة نهاية العام الدراسي 1448-1449هـ,1449-01-19,2027-06-24,[الخميس] نص الوزارة: «بداية إجازة نهاية العام الدراسي - نهاية دوام يوم الخميس». بيانات الوزارة: https://www.moe.gov.sa/ar/education/generaleducation/DataSources/AcademicCalendar.aspx?Year=1448 (وYear=1449),وزارة التعليم — صفحة التقويم الدراسي (مصدر بياناتها الرسمي AcademicCalendar.aspx),https://www.moe.gov.sa/ar/education/generaleducation/Pages/academicCalendar.aspx,2026-09-27,مؤكد
school-calendar-1448,عودة المعلمين للعام الدراسي 1449-1450هـ,1449-03-13,2027-08-15,[الأحد] نص الوزارة: «عودة المعلمين الممارسين للتدريس في جميع المراحل الدراسية». بيانات الوزارة: https://www.moe.gov.sa/ar/education/generaleducation/DataSources/AcademicCalendar.aspx?Year=1448 (وYear=1449),وزارة التعليم — صفحة التقويم الدراسي (مصدر بياناتها الرسمي AcademicCalendar.aspx),https://www.moe.gov.sa/ar/education/generaleducation/Pages/academicCalendar.aspx,2026-09-27,مؤكد
school-calendar-1448,بداية العام الدراسي 1449-1450هـ (عودة الطلاب),1449-03-20,2027-08-22,[الأحد] بيانات الوزارة: https://www.moe.gov.sa/ar/education/generaleducation/DataSources/AcademicCalendar.aspx?Year=1448 (وYear=1449),وزارة التعليم — صفحة التقويم الدراسي (مصدر بياناتها الرسمي AcademicCalendar.aspx),https://www.moe.gov.sa/ar/education/generaleducation/Pages/academicCalendar.aspx,2026-09-27,مؤكد
salaries,رواتب موظفي الدولة — سبتمبر 2026 (اليوم),1448-04-16,2026-09-27,[الأحد] من جدول الوزارة. قاعدة الوزارة: الصرف يوم 27 ميلادي؛ إن وافق الجمعة فالخميس قبله، وإن وافق السبت فالأحد بعده,وزارة المالية — مواعيد صرف الرواتب لعام 2026,https://www.mof.gov.sa/mediacenter/Payroll/Pages/2026.aspx,2026-09-27,مؤكد
salaries,رواتب موظفي الدولة — أكتوبر 2026,1448-05-16,2026-10-27,[الثلاثاء] من جدول الوزارة. قاعدة الوزارة: الصرف يوم 27 ميلادي؛ إن وافق الجمعة فالخميس قبله، وإن وافق السبت فالأحد بعده,وزارة المالية — مواعيد صرف الرواتب لعام 2026,https://www.mof.gov.sa/mediacenter/Payroll/Pages/2026.aspx,2026-09-27,مؤكد
salaries,رواتب موظفي الدولة — نوفمبر 2026,1448-06-16,2026-11-26,[الخميس] من جدول الوزارة (27 نوفمبر جمعة، فقُدّم إلى الخميس). قاعدة الوزارة: الصرف يوم 27 ميلادي؛ إن وافق الجمعة فالخميس قبله، وإن وافق السبت فالأحد بعده,وزارة المالية — مواعيد صرف الرواتب لعام 2026,https://www.mof.gov.sa/mediacenter/Payroll/Pages/2026.aspx,2026-09-27,مؤكد
salaries,رواتب موظفي الدولة — ديسمبر 2026,1448-07-18,2026-12-27,[الأحد] من جدول الوزارة. قاعدة الوزارة: الصرف يوم 27 ميلادي؛ إن وافق الجمعة فالخميس قبله، وإن وافق السبت فالأحد بعده,وزارة المالية — مواعيد صرف الرواتب لعام 2026,https://www.mof.gov.sa/mediacenter/Payroll/Pages/2026.aspx,2026-09-27,مؤكد
salaries,رواتب موظفي الدولة — يناير 2027,1448-08-19,2027-01-27,[الأربعاء] محسوب من القاعدة الرسمية؛ جدول 2027 لم يُنشر بعد (صفحة 2027.aspx تعطي 404 في 2026-09-27). يُطابق عند النشر. قاعدة الوزارة: الصرف يوم 27 ميلادي؛ إن وافق الجمعة فالخميس قبله، وإن وافق السبت فالأحد بعده,وزارة المالية — مواعيد صرف الرواتب لعام 2026,https://www.mof.gov.sa/mediacenter/Payroll/Pages/2026.aspx,2026-09-27,مؤكد
salaries,رواتب موظفي الدولة — فبراير 2027,1448-09-21,2027-02-28,[الأحد] محسوب من القاعدة الرسمية: 27 فبراير سبت، فيُصرف الأحد 28. جدول 2027 لم يُنشر بعد. قاعدة الوزارة: الصرف يوم 27 ميلادي؛ إن وافق الجمعة فالخميس قبله، وإن وافق السبت فالأحد بعده,وزارة المالية — مواعيد صرف الرواتب لعام 2026,https://www.mof.gov.sa/mediacenter/Payroll/Pages/2026.aspx,2026-09-27,مؤكد
salaries,رواتب موظفي الدولة — مارس 2027,1448-10-20,2027-03-28,[الأحد] محسوب من القاعدة الرسمية: 27 مارس سبت، فيُصرف الأحد 28. جدول 2027 لم يُنشر بعد. تنبيه: الوزارة خرجت عن القاعدة قبل الأعياد (راتب مايو 2026 صُرف الأحد 24 مايو). قاعدة الوزارة: الصرف يوم 27 ميلادي؛ إن وافق الجمعة فالخميس قبله، وإن وافق السبت فالأحد بعده,وزارة المالية — مواعيد صرف الرواتب لعام 2026,https://www.mof.gov.sa/mediacenter/Payroll/Pages/2026.aspx,2026-09-27,مؤكد
citizen-account,حساب المواطن — الدفعة 107 (أكتوبر 2026),1448-04-29,2026-10-10,[السبت] محسوب: الإيداع في اليوم 10 من الشهر الميلادي حسب سجل الإيداعات الرسمي في 2026 (يناير–سبتمبر). تعذّر فتح نص القاعدة على ca.gov.sa (خطأ 500). 10 أكتوبر يوافق السبت. لا توجد قاعدة إزاحة معلنة نصًا. في سجل 2026 الرسمي: 10 يناير (سبت) أُودع الأحد 11، و10 أبريل و10 يوليو (جمعة) أُودعا الخميس 9، لذا يُرجَّح الأحد 11 أكتوبر دون إعلان حتى الآن. يُتحقق من تغريدة العد التنازلي (نحو 5 أكتوبر),برنامج حساب المواطن — الحساب الرسمي في X (@citizenaccount),https://x.com/citizenaccount/status/2097792187396157787,2026-09-27,يحتاج تحقق
citizen-account,حساب المواطن — الدفعة 108 (نوفمبر 2026),1448-05-30,2026-11-10,[الثلاثاء] محسوب: الإيداع في اليوم 10 من الشهر الميلادي حسب سجل الإيداعات الرسمي في 2026 (يناير–سبتمبر). تعذّر فتح نص القاعدة على ca.gov.sa (خطأ 500). يوم عمل، فلا حاجة لإزاحة,برنامج حساب المواطن — الحساب الرسمي في X (@citizenaccount),https://x.com/citizenaccount/status/2097792187396157787,2026-09-27,مؤكد
citizen-account,حساب المواطن — الدفعة 109 (ديسمبر 2026),1448-07-01,2026-12-10,[الخميس] محسوب: الإيداع في اليوم 10 من الشهر الميلادي حسب سجل الإيداعات الرسمي في 2026 (يناير–سبتمبر). تعذّر فتح نص القاعدة على ca.gov.sa (خطأ 500). يوم عمل، فلا حاجة لإزاحة,برنامج حساب المواطن — الحساب الرسمي في X (@citizenaccount),https://x.com/citizenaccount/status/2097792187396157787,2026-09-27,مؤكد
citizen-account,حساب المواطن — الدفعة 110 (يناير 2027),1448-08-02,2027-01-10,[الأحد] محسوب: الإيداع في اليوم 10 من الشهر الميلادي حسب سجل الإيداعات الرسمي في 2026 (يناير–سبتمبر). تعذّر فتح نص القاعدة على ca.gov.sa (خطأ 500). يوم عمل، فلا حاجة لإزاحة,برنامج حساب المواطن — الحساب الرسمي في X (@citizenaccount),https://x.com/citizenaccount/status/2097792187396157787,2026-09-27,مؤكد
citizen-account,حساب المواطن — الدفعة 111 (فبراير 2027),1448-09-03,2027-02-10,[الأربعاء] محسوب: الإيداع في اليوم 10 من الشهر الميلادي حسب سجل الإيداعات الرسمي في 2026 (يناير–سبتمبر). تعذّر فتح نص القاعدة على ca.gov.sa (خطأ 500). يوم عمل (3 رمضان وفق أم القرى),برنامج حساب المواطن — الحساب الرسمي في X (@citizenaccount),https://x.com/citizenaccount/status/2097792187396157787,2026-09-27,مؤكد
citizen-account,حساب المواطن — الدفعة 112 (مارس 2027),1448-10-02,2027-03-10,[الأربعاء] محسوب: الإيداع في اليوم 10 من الشهر الميلادي حسب سجل الإيداعات الرسمي في 2026 (يناير–سبتمبر). تعذّر فتح نص القاعدة على ca.gov.sa (خطأ 500). 10 مارس 2027 يوافق 2 شوال 1448 وفق أم القرى، أي داخل عطلة عيد الفطر المتوقعة (العيد يثبت بالرؤية)، فقد يُقدَّم الإيداع. لم يُعلن شيء,برنامج حساب المواطن — الحساب الرسمي في X (@citizenaccount),https://x.com/citizenaccount/status/2097792187396157787,2026-09-27,يحتاج تحقق
social-security,الضمان الاجتماعي المطور — معاش أكتوبر 2026,1448-04-20,2026-10-01,[الخميس] محسوب: قاعدة الوزارة «صرف المعاش للمؤهلين في اليوم الأول من كل شهر ميلادي» (وإعلان الأهلية يوم 27). يوم عمل,وزارة الموارد البشرية والتنمية الاجتماعية — خبر «الضمان الاجتماعي» 2026-02-05,https://www.hrsd.gov.sa/media-center/news/%D9%85%D8%B9%D8%A7%D9%8A%D9%8A%D8%B1%C2%A0%D9%88%D8%AE%D8%B7%D9%88%D8%A7%D8%AA-%D9%84%D9%84%D8%A3%D9%87%D9%84%D9%8A%D8%A9,2026-09-27,مؤكد
social-security,الضمان الاجتماعي المطور — معاش نوفمبر 2026,1448-05-21,2026-11-01,[الأحد] محسوب: قاعدة الوزارة «صرف المعاش للمؤهلين في اليوم الأول من كل شهر ميلادي» (وإعلان الأهلية يوم 27). يوم عمل,وزارة الموارد البشرية والتنمية الاجتماعية — خبر «الضمان الاجتماعي» 2026-02-05,https://www.hrsd.gov.sa/media-center/news/%D9%85%D8%B9%D8%A7%D9%8A%D9%8A%D8%B1%C2%A0%D9%88%D8%AE%D8%B7%D9%88%D8%A7%D8%AA-%D9%84%D9%84%D8%A3%D9%87%D9%84%D9%8A%D8%A9,2026-09-27,مؤكد
social-security,الضمان الاجتماعي المطور — معاش ديسمبر 2026,1448-06-21,2026-12-01,[الثلاثاء] محسوب: قاعدة الوزارة «صرف المعاش للمؤهلين في اليوم الأول من كل شهر ميلادي» (وإعلان الأهلية يوم 27). يوم عمل,وزارة الموارد البشرية والتنمية الاجتماعية — خبر «الضمان الاجتماعي» 2026-02-05,https://www.hrsd.gov.sa/media-center/news/%D9%85%D8%B9%D8%A7%D9%8A%D9%8A%D8%B1%C2%A0%D9%88%D8%AE%D8%B7%D9%88%D8%A7%D8%AA-%D9%84%D9%84%D8%A3%D9%87%D9%84%D9%8A%D8%A9,2026-09-27,مؤكد
social-security,الضمان الاجتماعي المطور — معاش يناير 2027,1448-07-23,2027-01-01,[الجمعة] محسوب: قاعدة الوزارة «صرف المعاش للمؤهلين في اليوم الأول من كل شهر ميلادي» (وإعلان الأهلية يوم 27). 1 يناير 2027 يوافق الجمعة، ولم نجد قاعدة رسمية لإزاحة العطلة الأسبوعية؛ الموعد الفعلي يُستكمل من الوزارة,وزارة الموارد البشرية والتنمية الاجتماعية — خبر «الضمان الاجتماعي» 2026-02-05,https://www.hrsd.gov.sa/media-center/news/%D9%85%D8%B9%D8%A7%D9%8A%D9%8A%D8%B1%C2%A0%D9%88%D8%AE%D8%B7%D9%88%D8%A7%D8%AA-%D9%84%D9%84%D8%A3%D9%87%D9%84%D9%8A%D8%A9,2026-09-27,يحتاج تحقق
social-security,الضمان الاجتماعي المطور — معاش فبراير 2027,1448-08-24,2027-02-01,[الاثنين] محسوب: قاعدة الوزارة «صرف المعاش للمؤهلين في اليوم الأول من كل شهر ميلادي» (وإعلان الأهلية يوم 27). يوم عمل,وزارة الموارد البشرية والتنمية الاجتماعية — خبر «الضمان الاجتماعي» 2026-02-05,https://www.hrsd.gov.sa/media-center/news/%D9%85%D8%B9%D8%A7%D9%8A%D9%8A%D8%B1%C2%A0%D9%88%D8%AE%D8%B7%D9%88%D8%A7%D8%AA-%D9%84%D9%84%D8%A3%D9%87%D9%84%D9%8A%D8%A9,2026-09-27,مؤكد
social-security,الضمان الاجتماعي المطور — معاش مارس 2027,1448-09-22,2027-03-01,[الاثنين] محسوب: قاعدة الوزارة «صرف المعاش للمؤهلين في اليوم الأول من كل شهر ميلادي» (وإعلان الأهلية يوم 27). يوم عمل (22 رمضان وفق أم القرى),وزارة الموارد البشرية والتنمية الاجتماعية — خبر «الضمان الاجتماعي» 2026-02-05,https://www.hrsd.gov.sa/media-center/news/%D9%85%D8%B9%D8%A7%D9%8A%D9%8A%D8%B1%C2%A0%D9%88%D8%AE%D8%B7%D9%88%D8%A7%D8%AA-%D9%84%D9%84%D8%A3%D9%87%D9%84%D9%8A%D8%A9,2026-09-27,مؤكد
pensions,معاشات التقاعد المدني والعسكري والتأمينات — أكتوبر 2026,1448-04-20,2026-10-01,[الخميس] من جدول التأمينات الرسمي «لما تبقى من عام 2026» (نُشر 2026-04-30 وأُعيد نشره 2026-08-10). نسخة أبريل: https://x.com/SaudiGOSI/status/2049866363704095124,المؤسسة العامة للتأمينات الاجتماعية — جدول صرف المعاشات 2026 (@SaudiGOSI و@GosiCare),https://x.com/GosiCare/status/2086848891798827379,2026-09-27,مؤكد
pensions,معاشات التقاعد المدني والعسكري والتأمينات — نوفمبر 2026,1448-05-21,2026-11-01,[الأحد] من جدول التأمينات الرسمي 2026,المؤسسة العامة للتأمينات الاجتماعية — جدول صرف المعاشات 2026 (@SaudiGOSI و@GosiCare),https://x.com/GosiCare/status/2086848891798827379,2026-09-27,مؤكد
pensions,معاشات التقاعد المدني والعسكري والتأمينات — ديسمبر 2026,1448-06-21,2026-12-01,[الثلاثاء] من جدول التأمينات الرسمي 2026,المؤسسة العامة للتأمينات الاجتماعية — جدول صرف المعاشات 2026 (@SaudiGOSI و@GosiCare),https://x.com/GosiCare/status/2086848891798827379,2026-09-27,مؤكد
pensions,معاشات التقاعد المدني والعسكري والتأمينات — يناير 2027,1448-07-23,2027-01-01,[الجمعة] محسوب على نمط جدول 2026 (اليوم الأول ميلادي)، ولم يُنشر جدول 2027. 1 يناير 2027 يوافق الجمعة، وفي 2026 قُدّم معاش أغسطس إلى الخميس 30 يوليو لأن 1 أغسطس سبت؛ لا قاعدة إزاحة مكتوبة,المؤسسة العامة للتأمينات الاجتماعية — جدول صرف المعاشات 2026 (@SaudiGOSI و@GosiCare),https://x.com/GosiCare/status/2086848891798827379,2026-09-27,يحتاج تحقق
pensions,معاشات التقاعد المدني والعسكري والتأمينات — فبراير 2027,1448-08-24,2027-02-01,[الاثنين] محسوب على نمط جدول 2026 (اليوم الأول ميلادي)، ولم يُنشر جدول 2027 ولم نجد نصًا رسميًا للقاعدة الشهرية,المؤسسة العامة للتأمينات الاجتماعية — جدول صرف المعاشات 2026 (@SaudiGOSI و@GosiCare),https://x.com/GosiCare/status/2086848891798827379,2026-09-27,يحتاج تحقق
pensions,معاشات التقاعد المدني والعسكري والتأمينات — مارس 2027,1448-09-22,2027-03-01,[الاثنين] محسوب على نمط جدول 2026 (اليوم الأول ميلادي)، ولم يُنشر جدول 2027 ولم نجد نصًا رسميًا للقاعدة الشهرية,المؤسسة العامة للتأمينات الاجتماعية — جدول صرف المعاشات 2026 (@SaudiGOSI و@GosiCare),https://x.com/GosiCare/status/2086848891798827379,2026-09-27,يحتاج تحقق
